Data; Radiação global
2026/05/01; 
2026/05/01; 
2026/05/01; 
2026/05/01; 
2026/05/01; 
2026/05/01; 
2026/05/01; 
2026/05/01; 
2026/05/01; 
2026/05/01; 
2026/05/01; 103,2
2026/05/01; 790,9
2026/05/01; 1625
2026/05/01; 2249,4
2026/05/01; 2414,3
2026/05/01; 3080,5
2026/05/01; 3252,1
2026/05/01; 2749,2
2026/05/01; 1591,6
2026/05/01; 1004,4
2026/05/01; 869,6
2026/05/01; 135,4
2026/05/01; 
2026/05/01; 
2026/05/02; 
2026/05/02; 
2026/05/02; 
2026/05/02; 
2026/05/02; 
2026/05/02; 
2026/05/02; 
2026/05/02; 
2026/05/02; 
2026/05/02; 
2026/05/02; 58,4
2026/05/02; 799,1
2026/05/02; 1602,4
2026/05/02; 2339,1
2026/05/02; 2703,1
2026/05/02; 2692
2026/05/02; 3037,5
2026/05/02; 1606,3
2026/05/02; 1578,8
2026/05/02; 854,7
2026/05/02; 780,9
2026/05/02; 136,9
2026/05/02; 
2026/05/02; 
2026/05/03; 
2026/05/03; 
2026/05/03; 
2026/05/03; 
2026/05/03; 
2026/05/03; 
2026/05/03; 
2026/05/03; 
2026/05/03; 
2026/05/03; 
2026/05/03; 91,3
2026/05/03; 750,9
2026/05/03; 1562,3
2026/05/03; 2266,4
2026/05/03; 2875,3
2026/05/03; 3309,4
2026/05/03; 2787,3
2026/05/03; 2745,4
2026/05/03; 2173,7
2026/05/03; 989,9
2026/05/03; 888
2026/05/03; 135,1
2026/05/03; 
2026/05/03; 
2026/05/04; 
2026/05/04; 
2026/05/04; 
2026/05/04; 
2026/05/04; 
2026/05/04; 
2026/05/04; 
2026/05/04; 
2026/05/04; 
2026/05/04; 
2026/05/04; 43,8
2026/05/04; 355,7
2026/05/04; 872,5
2026/05/04; 1874,9
2026/05/04; 1601,3
2026/05/04; 2155,3
2026/05/04; 3004,5
2026/05/04; 2120,2
2026/05/04; 1980,9
2026/05/04; 1151,2
2026/05/04; 434,9
2026/05/04; 108,1
2026/05/04; 
2026/05/04; 
2026/05/05; 
2026/05/05; 
2026/05/05; 
2026/05/05; 
2026/05/05; 
2026/05/05; 
2026/05/05; 
2026/05/05; 
2026/05/05; 
2026/05/05; 
2026/05/05; 71,9
2026/05/05; 753,2
2026/05/05; 1576,5
2026/05/05; 2301,3
2026/05/05; 2829,9
2026/05/05; 3114,3
2026/05/05; 3129,3
2026/05/05; 2794,6
2026/05/05; 2277,4
2026/05/05; 1489
2026/05/05; 967,2
2026/05/05; 179,4
2026/05/05; 
2026/05/05; 
2026/05/06; 
2026/05/06; 
2026/05/06; 
2026/05/06; 
2026/05/06; 
2026/05/06; 
2026/05/06; 
2026/05/06; 
2026/05/06; 
2026/05/06; 
2026/05/06; 66,3
2026/05/06; 722,1
2026/05/06; 1418,2
2026/05/06; 1695,4
2026/05/06; 2559,2
2026/05/06; 2809,5
2026/05/06; 2916,7
2026/05/06; 2660,9
2026/05/06; 2012
2026/05/06; 1677,8
2026/05/06; 734,5
2026/05/06; 153,6
2026/05/06; 
2026/05/06; 
2026/05/07; 
2026/05/07; 
2026/05/07; 
2026/05/07; 
2026/05/07; 
2026/05/07; 
2026/05/07; 
2026/05/07; 
2026/05/07; 
2026/05/07; 
2026/05/07; 57,1
2026/05/07; 738,5
2026/05/07; 1557,2
2026/05/07; 2275
2026/05/07; 2758,3
2026/05/07; 2809,9
2026/05/07; 2855,3
2026/05/07; 2686,1
2026/05/07; 2168,4
2026/05/07; 1821,4
2026/05/07; 993
2026/05/07; 170,8
2026/05/07; 
2026/05/07; 
2026/05/08; 
2026/05/08; 
2026/05/08; 
2026/05/08; 
2026/05/08; 
2026/05/08; 
2026/05/08; 
2026/05/08; 
2026/05/08; 
2026/05/08; 
2026/05/08; 47,2
2026/05/08; 708,3
2026/05/08; 1528,8
2026/05/08; 2231,1
2026/05/08; 2751,3
2026/05/08; 3025,2
2026/05/08; 2481,3
2026/05/08; 2166,4
2026/05/08; 1973,2
2026/05/08; 1715,6
2026/05/08; 997
2026/05/08; 130,3
2026/05/08; 
2026/05/08; 
2026/05/09; 
2026/05/09; 
2026/05/09; 
2026/05/09; 
2026/05/09; 
2026/05/09; 
2026/05/09; 
2026/05/09; 
2026/05/09; 
2026/05/09; 
2026/05/09; 42,5
2026/05/09; 723,2
2026/05/09; 1542,1
2026/05/09; 2254,6
2026/05/09; 2711,9
2026/05/09; 3036,4
2026/05/09; 3059,9
2026/05/09; 3095,8
2026/05/09; 2556,3
2026/05/09; 1449,6
2026/05/09; 913,8
2026/05/09; 200,3
2026/05/09; 
2026/05/09; 
2026/05/10; 
2026/05/10; 
2026/05/10; 
2026/05/10; 
2026/05/10; 
2026/05/10; 
2026/05/10; 
2026/05/10; 
2026/05/10; 
2026/05/10; 
2026/05/10; 62,4
2026/05/10; 684,5
2026/05/10; 1481,6
2026/05/10; 2270,8
2026/05/10; 2730,2
2026/05/10; 3027
2026/05/10; 2995,3
2026/05/10; 2376,7
2026/05/10; 1307,5
2026/05/10; 1286,1
2026/05/10; 662,2
2026/05/10; 60,4
2026/05/10; 
2026/05/10; 
2026/05/11; 
2026/05/11; 
2026/05/11; 
2026/05/11; 
2026/05/11; 
2026/05/11; 
2026/05/11; 
2026/05/11; 
2026/05/11; 
2026/05/11; 
2026/05/11; 18,5
2026/05/11; 151,5
2026/05/11; 506,3
2026/05/11; 1048,2
2026/05/11; 2431,2
2026/05/11; 2989,6
2026/05/11; 2987,5
2026/05/11; 2772,8
2026/05/11; 2297,8
2026/05/11; 1634,2
2026/05/11; 851,6
2026/05/11; 128,3
2026/05/11; 
2026/05/11; 
2026/05/12; 
2026/05/12; 
2026/05/12; 
2026/05/12; 
2026/05/12; 
2026/05/12; 
2026/05/12; 
2026/05/12; 
2026/05/12; 
2026/05/12; 
2026/05/12; 32,8
2026/05/12; 659,5
2026/05/12; 1477,7
2026/05/12; 2170,9
2026/05/12; 2681,8
2026/05/12; 2940,2
2026/05/12; 3008,8
2026/05/12; 2661,3
2026/05/12; 1910,8
2026/05/12; 1168
2026/05/12; 855
2026/05/12; 84,6
2026/05/12; 
2026/05/12; 
2026/05/13; 
2026/05/13; 
2026/05/13; 
2026/05/13; 
2026/05/13; 
2026/05/13; 
2026/05/13; 
2026/05/13; 
2026/05/13; 
2026/05/13; 
2026/05/13; 19,9
2026/05/13; 531,1
2026/05/13; 1396,2
2026/05/13; 1901,2
2026/05/13; 1959,3
2026/05/13; 2005,7
2026/05/13; 1732,2
2026/05/13; 1662
2026/05/13; 1163,5
2026/05/13; 999,9
2026/05/13; 407,2
2026/05/13; 66,1
2026/05/13; 
2026/05/13; 
2026/05/14; 
2026/05/14; 
2026/05/14; 
2026/05/14; 
2026/05/14; 
2026/05/14; 
2026/05/14; 
2026/05/14; 
2026/05/14; 
2026/05/14; 
2026/05/14; 39,4
2026/05/14; 467,6
2026/05/14; 1350,9
2026/05/14; 2013,5
2026/05/14; 2287,2
2026/05/14; 2561,4
2026/05/14; 2141,1
2026/05/14; 1067,5
2026/05/14; 788,3
2026/05/14; 357,5
2026/05/14; 378,3
2026/05/14; 118,3
2026/05/14; 
2026/05/14; 
2026/05/15; 
2026/05/15; 
2026/05/15; 
2026/05/15; 
2026/05/15; 
2026/05/15; 
2026/05/15; 
2026/05/15; 
2026/05/15; 
2026/05/15; 
2026/05/15; 34,6
2026/05/15; 620,8
2026/05/15; 1396,4
2026/05/15; 2156,6
2026/05/15; 2389,6
2026/05/15; 2227
2026/05/15; 1831,6
2026/05/15; 1603,4
2026/05/15; 2112,4
2026/05/15; 1452,2
2026/05/15; 56,2
2026/05/15; 2,2
2026/05/15; 
2026/05/15; 
2026/05/16; 
2026/05/16; 
2026/05/16; 
2026/05/16; 
2026/05/16; 
2026/05/16; 
2026/05/16; 
2026/05/16; 
2026/05/16; 
2026/05/16; 
2026/05/16; 40,4
2026/05/16; 697,8
2026/05/16; 1390,8
2026/05/16; 2110,5
2026/05/16; 2615,2
2026/05/16; 2251,8
2026/05/16; 1263,8
2026/05/16; 1845,4
2026/05/16; 2149,4
2026/05/16; 675,5
2026/05/16; 241,7
2026/05/16; 29,1
2026/05/16; 
2026/05/16; 
2026/05/17; 
2026/05/17; 
2026/05/17; 
2026/05/17; 
2026/05/17; 
2026/05/17; 
2026/05/17; 
2026/05/17; 
2026/05/17; 
2026/05/17; 
2026/05/17; 66,1
2026/05/17; 437,6
2026/05/17; 1120,9
2026/05/17; 1948,9
2026/05/17; 2196,8
2026/05/17; 2554,6
2026/05/17; 2177,5
2026/05/17; 1823,5
2026/05/17; 1352,2
2026/05/17; 1516,1
2026/05/17; 489,5
2026/05/17; 33,1
2026/05/17; 
2026/05/17; 
2026/05/18; 
2026/05/18; 
2026/05/18; 
2026/05/18; 
2026/05/18; 
2026/05/18; 
2026/05/18; 
2026/05/18; 
2026/05/18; 
2026/05/18; 
2026/05/18; 34,1
2026/05/18; 610,4
2026/05/18; 1390,3
2026/05/18; 2069
2026/05/18; 2569,4
2026/05/18; 2872,1
2026/05/18; 2766,4
2026/05/18; 2518,8
2026/05/18; 2313,8
2026/05/18; 1313,5
2026/05/18; 469,4
2026/05/18; 89
2026/05/18; 
2026/05/18; 
2026/05/19; 
2026/05/19; 
2026/05/19; 
2026/05/19; 
2026/05/19; 
2026/05/19; 
2026/05/19; 
2026/05/19; 
2026/05/19; 
2026/05/19; 
2026/05/19; 63,9
2026/05/19; 539,1
2026/05/19; 1082,3
2026/05/19; 1649,7
2026/05/19; 2147,4
2026/05/19; 2755
2026/05/19; 2593,8
2026/05/19; 2344,5
2026/05/19; 2038,8
2026/05/19; 1470,6
2026/05/19; 650,3
2026/05/19; 103
2026/05/19; 
2026/05/19; 
2026/05/20; 
2026/05/20; 
2026/05/20; 
2026/05/20; 
2026/05/20; 
2026/05/20; 
2026/05/20; 
2026/05/20; 
2026/05/20; 
2026/05/20; 
2026/05/20; 25,9
2026/05/20; 639,6
2026/05/20; 1430
2026/05/20; 2116,9
2026/05/20; 2616,1
2026/05/20; 2923,1
2026/05/20; 2853,7
2026/05/20; 2642,2
2026/05/20; 2120
2026/05/20; 1446,4
2026/05/20; 797,6
2026/05/20; 98
2026/05/20; 
2026/05/20; 
2026/05/21; 
2026/05/21; 
2026/05/21; 
2026/05/21; 
2026/05/21; 
2026/05/21; 
2026/05/21; 
2026/05/21; 
2026/05/21; 
2026/05/21; 
2026/05/21; 24,4
2026/05/21; 606,8
2026/05/21; 1405,8
2026/05/21; 2090,7
2026/05/21; 2579,4
2026/05/21; 2589
2026/05/21; 1768,2
2026/05/21; 1513,4
2026/05/21; 1400,3
2026/05/21; 1230,4
2026/05/21; 739,1
2026/05/21; 97,1
2026/05/21; 
2026/05/21; 
2026/05/22; 
2026/05/22; 
2026/05/22; 
2026/05/22; 
2026/05/22; 
2026/05/22; 
2026/05/22; 
2026/05/22; 
2026/05/22; 
2026/05/22; 
2026/05/22; 24,7
2026/05/22; 325,7
2026/05/22; 1047,3
2026/05/22; 1719,3
2026/05/22; 2006,1
2026/05/22; 1683,5
2026/05/22; 1827,4
2026/05/22; 1550,2
2026/05/22; 1342,5
2026/05/22; 931,9
2026/05/22; 464,7
2026/05/22; 80,6
2026/05/22; 
2026/05/22; 
2026/05/23; 
2026/05/23; 
2026/05/23; 
2026/05/23; 
2026/05/23; 
2026/05/23; 
2026/05/23; 
2026/05/23; 
2026/05/23; 
2026/05/23; 
2026/05/23; 13,7
2026/05/23; 153,2
2026/05/23; 497,8
2026/05/23; 659,5
2026/05/23; 1371
2026/05/23; 1763,2
2026/05/23; 1432,5
2026/05/23; 733,8
2026/05/23; 583,2
2026/05/23; 831,1
2026/05/23; 592,9
2026/05/23; 133,7
2026/05/23; 
2026/05/23; 
2026/05/24; 
2026/05/24; 
2026/05/24; 
2026/05/24; 
2026/05/24; 
2026/05/24; 
2026/05/24; 
2026/05/24; 
2026/05/24; 
2026/05/24; 
2026/05/24; 7,3
2026/05/24; 93,5
2026/05/24; 335,6
2026/05/24; 656,8
2026/05/24; 982,2
2026/05/24; 1419
2026/05/24; 1531,2
2026/05/24; 1365,9
2026/05/24; 1751,6
2026/05/24; 841
2026/05/24; 364,5
2026/05/24; 61,6
2026/05/24; 
2026/05/24; 
2026/05/25; 
2026/05/25; 
2026/05/25; 
2026/05/25; 
2026/05/25; 
2026/05/25; 
2026/05/25; 
2026/05/25; 
2026/05/25; 
2026/05/25; 
2026/05/25; 32,3
2026/05/25; 626,6
2026/05/25; 1485,2
2026/05/25; 2120,9
2026/05/25; 2088,8
2026/05/25; 2095,2
2026/05/25; 2777,5
2026/05/25; 2199,4
2026/05/25; 1822,5
2026/05/25; 1273,4
2026/05/25; 337,5
2026/05/25; 98,1
2026/05/25; 
2026/05/25; 
2026/05/26; 
2026/05/26; 
2026/05/26; 
2026/05/26; 
2026/05/26; 
2026/05/26; 
2026/05/26; 
2026/05/26; 
2026/05/26; 
2026/05/26; 
2026/05/26; 24,1
2026/05/26; 679,7
2026/05/26; 1413,4
2026/05/26; 1960,4
2026/05/26; 2546,6
2026/05/26; 2833,7
2026/05/26; 2801
2026/05/26; 2589
2026/05/26; 2286,2
2026/05/26; 1479,9
2026/05/26; 814,2
2026/05/26; 109,1
2026/05/26; 
2026/05/26; 
2026/05/27; 
2026/05/27; 
2026/05/27; 
2026/05/27; 
2026/05/27; 
2026/05/27; 
2026/05/27; 
2026/05/27; 
2026/05/27; 
2026/05/27; 
2026/05/27; 20,6
2026/05/27; 639,1
2026/05/27; 1437,5
2026/05/27; 1949,1
2026/05/27; 2365,9
2026/05/27; 2646,8
2026/05/27; 2919
2026/05/27; 2068,4
2026/05/27; 2031
2026/05/27; 1363,8
2026/05/27; 563,2
2026/05/27; 177,3
2026/05/27; 
2026/05/27; 
2026/05/28; 
2026/05/28; 
2026/05/28; 
2026/05/28; 
2026/05/28; 
2026/05/28; 
2026/05/28; 
2026/05/28; 
2026/05/28; 
2026/05/28; 
2026/05/28; 26,7
2026/05/28; 536,2
2026/05/28; 1282
2026/05/28; 1189,5
2026/05/28; 2210,3
2026/05/28; 1344,3
2026/05/28; 2482,3
2026/05/28; 2776
2026/05/28; 2055,6
2026/05/28; 1522,3
2026/05/28; 670
2026/05/28; 65
2026/05/28; 
2026/05/28; 
2026/05/29; 
2026/05/29; 
2026/05/29; 
2026/05/29; 
2026/05/29; 
2026/05/29; 
2026/05/29; 
2026/05/29; 
2026/05/29; 
2026/05/29; 
2026/05/29; 26,4
2026/05/29; 465,5
2026/05/29; 1585,1
2026/05/29; 1867,1
2026/05/29; 1394
2026/05/29; 2459,9
2026/05/29; 1749,9
2026/05/29; 1883,4
2026/05/29; 1971,1
2026/05/29; 855,1
2026/05/29; 422
2026/05/29; 68,6
2026/05/29; 
2026/05/29; 
2026/05/30; 
2026/05/30; 
2026/05/30; 
2026/05/30; 
2026/05/30; 
2026/05/30; 
2026/05/30; 
2026/05/30; 
2026/05/30; 
2026/05/30; 
2026/05/30; 39,7
2026/05/30; 201,2
2026/05/30; 388,6
2026/05/30; 420,6
2026/05/30; 586,7
2026/05/30; 558,7
2026/05/30; 635,3
2026/05/30; 1091,7
2026/05/30; 757,4
2026/05/30; 804,3
2026/05/30; 635,5
2026/05/30; 110,4
2026/05/30; 
2026/05/30; 
2026/05/31; 
2026/05/31; 
2026/05/31; 
2026/05/31; 
2026/05/31; 
2026/05/31; 
2026/05/31; 
2026/05/31; 
2026/05/31; 
2026/05/31; 
2026/05/31; 12,9
2026/05/31; 570,4
2026/05/31; 1377,4
2026/05/31; 2075,2
2026/05/31; 2554,4
2026/05/31; 2710,1
2026/05/31; 2446,4
2026/05/31; 1957,1
2026/05/31; 1979
2026/05/31; 931,9
2026/05/31; 357,1
2026/05/31; 95,5
2026/05/31; 
2026/05/31; 
